ruta,mes,velocidad_promedio,cantidad_registros
E21,2025-01,20.000000,2
P10,2025-01,28.000000,2
P10,2025-02,20.000000,1
